Player,First_Name,Last_Name,Team,Team_ID,Team_Code,Division,Position,Position_Group,Jersey,Handedness,Height,Age,College,Country,Image_Slug,Image_URL,Page_URL,Page_Title,Extracted_At
Marcus Holman,Marcus,Holman,Boston Cannons,CAN,BOS,Eastern,A,Attack,1,R,5'10,35,University of North Carolina,USA,marcus-holman,https://img.premierlacrosseleague.com/Players/2026/marcus-holman.webp,https://premierlacrosseleague.com/teams/boston-cannons/roster,Cannons Roster | Premier Lacrosse League,2026-06-05T13:51:24.409Z
Brian Kelly,Brian,Kelly,Boston Cannons,CAN,BOS,Eastern,A,Attack,30,R/L,6'0,23,St. John's,USA,brian-kelly,https://img.premierlacrosseleague.com/Players/2026/brian-kelly.webp,https://premierlacrosseleague.com/teams/boston-cannons/roster,Cannons Roster | Premier Lacrosse League,2026-06-05T13:51:24.409Z
Coulter Mackesy,Coulter,Mackesy,Boston Cannons,CAN,BOS,Eastern,A,Attack,91,L,5'10,23,Princeton,USA,coulter-mackesy,https://img.premierlacrosseleague.com/Players/2026/coulter-mackesy.webp,https://premierlacrosseleague.com/teams/boston-cannons/roster,Cannons Roster | Premier Lacrosse League,2026-06-05T13:51:24.409Z
Asher Nolting,Asher,Nolting,Boston Cannons,CAN,BOS,Eastern,A,Attack,32,R,6'2,27,High Point,USA,asher-nolting,https://img.premierlacrosseleague.com/Players/2026/asher-nolting.webp,https://premierlacrosseleague.com/teams/boston-cannons/roster,Cannons Roster | Premier Lacrosse League,2026-06-05T13:51:24.409Z
Jack Regnery,Jack,Regnery,Boston Cannons,CAN,BOS,Eastern,A,Attack,13,R,6'0,22,Tufts,USA,jack-regnery,https://img.premierlacrosseleague.com/Players/2023/generic_headshot.jpeg,https://premierlacrosseleague.com/teams/boston-cannons/roster,Cannons Roster | Premier Lacrosse League,2026-06-05T13:51:24.409Z
Matt Campbell,Matt,Campbell,Boston Cannons,CAN,BOS,Eastern,M,Midfield,20,R/L,6'2,26,Villanova,USA,matt-campbell,https://img.premierlacrosseleague.com/Players/2026/matt-campbell.webp,https://premierlacrosseleague.com/teams/boston-cannons/roster,Cannons Roster | Premier Lacrosse League,2026-06-05T13:51:24.410Z
Ryan Drenner,Ryan,Drenner,Boston Cannons,CAN,BOS,Eastern,M,Midfield,22,R/L,6'0,31,Towson University,USA,ryan-drenner,https://img.premierlacrosseleague.com/Players/2025/ryan-drenner.png?v=4,https://premierlacrosseleague.com/teams/boston-cannons/roster,Cannons Roster | Premier Lacrosse League,2026-06-05T13:51:24.410Z
Graydon Hogg,Graydon,Hogg,Boston Cannons,CAN,BOS,Eastern,M,Midfield,45,L,5'9,25,Ualbany,Canada,graydon-hogg,https://img.premierlacrosseleague.com/Players/2026/graydon-hogg.webp?v=3,https://premierlacrosseleague.com/teams/boston-cannons/roster,Cannons Roster | Premier Lacrosse League,2026-06-05T13:51:24.410Z
Logan Ip,Logan,Ip,Boston Cannons,CAN,BOS,Eastern,M,Midfield,23,R,5'10,22,Harvard,USA,logan-ip,https://img.premierlacrosseleague.com/Players/2026/logan-ip.webp?v=2,https://premierlacrosseleague.com/teams/boston-cannons/roster,Cannons Roster | Premier Lacrosse League,2026-06-05T13:51:24.410Z
Mic Kelly,Mic,Kelly,Boston Cannons,CAN,BOS,Eastern,M,Midfield,21,R,6'2,23,Denver,USA,mic-kelly,https://img.premierlacrosseleague.com/Players/2026/mic-kelly.webp,https://premierlacrosseleague.com/teams/boston-cannons/roster,Cannons Roster | Premier Lacrosse League,2026-06-05T13:51:24.410Z
Connor Kirst,Connor,Kirst,Boston Cannons,CAN,BOS,Eastern,M,Midfield,34,R/L,6'3,28,Rutgers,USA,connor-kirst,https://img.premierlacrosseleague.com/Players/2026/connor-kirst.webp,https://premierlacrosseleague.com/teams/boston-cannons/roster,Cannons Roster | Premier Lacrosse League,2026-06-05T13:51:24.410Z
Tye Kurtz,Tye,Kurtz,Boston Cannons,CAN,BOS,Eastern,M,Midfield,2,R,6'0,27,Delaware,Canada,tye-kurtz,https://img.premierlacrosseleague.com/Players/2026/tye-kurtz.webp,https://premierlacrosseleague.com/teams/boston-cannons/roster,Cannons Roster | Premier Lacrosse League,2026-06-05T13:51:24.410Z
Mikey Weisshaar,Mikey,Weisshaar,Boston Cannons,CAN,BOS,Eastern,M,Midfield,8,L,5'9,23,Towson,USA,mikey-weisshaar,https://img.premierlacrosseleague.com/Players/2026/mikey-weisshaar.webp?v=1,https://premierlacrosseleague.com/teams/boston-cannons/roster,Cannons Roster | Premier Lacrosse League,2026-06-05T13:51:24.410Z
Zach Goodrich,Zach,Goodrich,Boston Cannons,CAN,BOS,Eastern,SSDM,Short Stick Defensive Midfield,14,R,6'2,28,Towson,USA,zach-goodrich,https://img.premierlacrosseleague.com/Players/2026/zach-goodrich.webp?v=4,https://premierlacrosseleague.com/teams/boston-cannons/roster,Cannons Roster | Premier Lacrosse League,2026-06-05T13:51:24.409Z
Ben Ramsey,Ben,Ramsey,Boston Cannons,CAN,BOS,Eastern,SSDM,Short Stick Defensive Midfield,24,R,6'0,23,Notre Dame,USA,ben-ramsey,https://img.premierlacrosseleague.com/Players/2026/ben-ramsey.webp,https://premierlacrosseleague.com/teams/boston-cannons/roster,Cannons Roster | Premier Lacrosse League,2026-06-05T13:51:24.410Z
Jeff Trainor,Jeff,Trainor,Boston Cannons,CAN,BOS,Eastern,SSDM,Short Stick Defensive Midfield,43,R/L,6'0,28,UMass,USA,jeff-trainor,https://img.premierlacrosseleague.com/Players/2026/jeff-trainor.webp?v=5,https://premierlacrosseleague.com/teams/boston-cannons/roster,Cannons Roster | Premier Lacrosse League,2026-06-05T13:51:24.410Z
Marquez White,Marquez,White,Boston Cannons,CAN,BOS,Eastern,SSDM,Short Stick Defensive Midfield,11,R,6'0,24,Princeton,USA,marquez-white,https://img.premierlacrosseleague.com/Players/2026/marquez-white.webp?v=2,https://premierlacrosseleague.com/teams/boston-cannons/roster,Cannons Roster | Premier Lacrosse League,2026-06-05T13:51:24.410Z
Will Donovan,Will,Donovan,Boston Cannons,CAN,BOS,Eastern,LSM,Long Stick Midfield,7,L,6'0,,Notre Dame,USA,will-donovan,https://img.premierlacrosseleague.com/Players/2023/generic_headshot.jpeg,https://premierlacrosseleague.com/teams/boston-cannons/roster,Cannons Roster | Premier Lacrosse League,2026-06-05T13:51:24.410Z
Ethan Rall,Ethan,Rall,Boston Cannons,CAN,BOS,Eastern,LSM,Long Stick Midfield,35,R,5'9,26,Rutgers,USA,ethan-rall,https://img.premierlacrosseleague.com/Players/2026/ethan-rall.webp,https://premierlacrosseleague.com/teams/boston-cannons/roster,Cannons Roster | Premier Lacrosse League,2026-06-05T13:51:24.411Z
Owen Grant,Owen,Grant,Boston Cannons,CAN,BOS,Eastern,D,Defense,81,L,6'3,26,Delaware,Canada,owen-grant,https://img.premierlacrosseleague.com/Players/2026/owen-grant.webp?v=3,https://premierlacrosseleague.com/teams/boston-cannons/roster,Cannons Roster | Premier Lacrosse League,2026-06-05T13:51:24.411Z
Jack Kielty,Jack,Kielty,Boston Cannons,CAN,BOS,Eastern,D,Defense,40,R,6'2,28,Notre Dame,USA,jack-kielty,https://img.premierlacrosseleague.com/Players/2026/jack-kielty.webp,https://premierlacrosseleague.com/teams/boston-cannons/roster,Cannons Roster | Premier Lacrosse League,2026-06-05T13:51:24.409Z
Remington Reynolds,Remington,Reynolds,Boston Cannons,CAN,BOS,Eastern,D,Defense,29,L,6'0,,Loyola,USA,remington-reynolds,https://img.premierlacrosseleague.com/Players/2026/remington-reynolds.webp,https://premierlacrosseleague.com/teams/boston-cannons/roster,Cannons Roster | Premier Lacrosse League,2026-06-05T13:51:24.411Z
Hunter Smith,Hunter,Smith,Boston Cannons,CAN,BOS,Eastern,D,Defense,6,R,6'2,,Richmond,USA,hunter-smith,https://img.premierlacrosseleague.com/Players/2026/hunter-smith.webp?v=1,https://premierlacrosseleague.com/teams/boston-cannons/roster,Cannons Roster | Premier Lacrosse League,2026-06-05T13:51:24.411Z
Bryce Young,Bryce,Young,Boston Cannons,CAN,BOS,Eastern,D,Defense,41,L,6'2,30,Maryland,USA,bryce-young,https://img.premierlacrosseleague.com/Players/2025/bryce-young.png?v=3,https://premierlacrosseleague.com/teams/boston-cannons/roster,Cannons Roster | Premier Lacrosse League,2026-06-05T13:51:24.411Z
Andrew McMeekin,Andrew,McMeekin,Boston Cannons,CAN,BOS,Eastern,FO,Faceoff,26,R,6'1,,Princeton,USA,andrew-mcmeekin,https://img.premierlacrosseleague.com/Players/2023/generic_headshot.jpeg,https://premierlacrosseleague.com/teams/boston-cannons/roster,Cannons Roster | Premier Lacrosse League,2026-06-05T13:51:24.411Z
JC Higginbotham,JC,Higginbotham,Boston Cannons,CAN,BOS,Eastern,G,Goalie,88,R,6'0,25,Bellarmine,USA,jc-higginbotham,https://img.premierlacrosseleague.com/Players/2026/jc-higgonbotham.webp,https://premierlacrosseleague.com/teams/boston-cannons/roster,Cannons Roster | Premier Lacrosse League,2026-06-05T13:51:24.411Z
Colin Kirst,Colin,Kirst,Boston Cannons,CAN,BOS,Eastern,G,Goalie,5,R,6'2,27,Rutgers,USA,colin-kirst,https://img.premierlacrosseleague.com/Players/2026/colin-kirst.webp,https://premierlacrosseleague.com/teams/boston-cannons/roster,Cannons Roster | Premier Lacrosse League,2026-06-05T13:51:24.409Z
Wes Berg,Wes,Berg,California Redwoods,RED,CAL,Western,A,Attack,14,R,6'2,33,Denver,Canada,wes-berg,https://img.premierlacrosseleague.com/Players/2024/wes-berg?v=2,https://premierlacrosseleague.com/teams/california-redwoods/roster,Redwoods Roster | Premier Lacrosse League,2026-06-05T13:51:33.621Z
Michael Boehm,Michael,Boehm,California Redwoods,RED,CAL,Western,A,Attack,91,R,5'10,24,Michigan,USA,michael-boehm,https://img.premierlacrosseleague.com/Players/2026/michael-boehm.webp,https://premierlacrosseleague.com/teams/california-redwoods/roster,Redwoods Roster | Premier Lacrosse League,2026-06-05T13:51:33.621Z
Ryder Garnsey,Ryder,Garnsey,California Redwoods,RED,CAL,Western,A,Attack,50,L,5'9,30,Notre Dame,USA,ryder-garnsey,https://img.premierlacrosseleague.com/Players/2025/ryder-garnsey.png?v=3,https://premierlacrosseleague.com/teams/california-redwoods/roster,Redwoods Roster | Premier Lacrosse League,2026-06-05T13:51:33.621Z
Chris Kavanagh,Chris,Kavanagh,California Redwoods,RED,CAL,Western,A,Attack,96,R,5'10,23,Notre Dame,USA,chris-kavanagh,https://img.premierlacrosseleague.com/Players/2025/chris-kavanagh.png?v=3,https://premierlacrosseleague.com/teams/california-redwoods/roster,Redwoods Roster | Premier Lacrosse League,2026-06-05T13:51:33.621Z
Brayden Mayea,Brayden,Mayea,California Redwoods,RED,CAL,Western,A,Attack,55,L,5'9,24,High Point,Canada,brayden-mayea,https://img.premierlacrosseleague.com/Players/2026/brayden-mayea.webp,https://premierlacrosseleague.com/teams/california-redwoods/roster,Redwoods Roster | Premier Lacrosse League,2026-06-05T13:51:33.621Z
Dylan Molloy,Dylan,Molloy,California Redwoods,RED,CAL,Western,A,Attack,4,R,6'0,30,Brown,USA,dylan-molloy,https://img.premierlacrosseleague.com/Players/2026/dylan-molloy.webp,https://premierlacrosseleague.com/teams/california-redwoods/roster,Redwoods Roster | Premier Lacrosse League,2026-06-05T13:51:33.621Z
Finn Thomson,Finn,Thomson,California Redwoods,RED,CAL,Western,A,Attack,,R,6'2,22,Syracuse,Canada,finn-thomson,https://img.premierlacrosseleague.com/Players/2023/generic_headshot.jpeg,https://premierlacrosseleague.com/teams/california-redwoods/roster,Redwoods Roster | Premier Lacrosse League,2026-06-05T13:51:33.622Z
Josh Balcarcel,Josh,Balcarcel,California Redwoods,RED,CAL,Western,M,Midfield,34,L,5'7,24,Marist,USA,josh-balcarcel,https://img.premierlacrosseleague.com/Players/2026/josh-balcarcel.webp,https://premierlacrosseleague.com/teams/california-redwoods/roster,Redwoods Roster | Premier Lacrosse League,2026-06-05T13:51:33.622Z
Aidan Danenza,Aidan,Danenza,California Redwoods,RED,CAL,Western,M,Midfield,88,R,6'3,24,Duke,USA,aidan-danenza,https://img.premierlacrosseleague.com/Players/2026/aidan-danenza.webp,https://premierlacrosseleague.com/teams/california-redwoods/roster,Redwoods Roster | Premier Lacrosse League,2026-06-05T13:51:33.622Z
Romar Dennis,Romar,Dennis,California Redwoods,RED,CAL,Western,M,Midfield,5,R/L,6'5,30,Loyola,USA,romar-dennis,https://img.premierlacrosseleague.com/Players/2026/romar-dennis.webp,https://premierlacrosseleague.com/teams/california-redwoods/roster,Redwoods Roster | Premier Lacrosse League,2026-06-05T13:51:33.622Z
Sam English,Sam,English,California Redwoods,RED,CAL,Western,M,Midfield,15,R,5'11,25,Syracuse,Canada,sam-english,https://img.premierlacrosseleague.com/Players/2025/sam-english.png?v=3,https://premierlacrosseleague.com/teams/california-redwoods/roster,Redwoods Roster | Premier Lacrosse League,2026-06-05T13:51:33.622Z
Michael Leo,Michael,Leo,California Redwoods,RED,CAL,Western,M,Midfield,7,L,5'10,22,Syracuse,USA,michael-leo,https://img.premierlacrosseleague.com/Players/2023/generic_headshot.jpeg,https://premierlacrosseleague.com/teams/california-redwoods/roster,Redwoods Roster | Premier Lacrosse League,2026-06-05T13:51:33.622Z
Andrew McAdorey,Andrew,McAdorey,California Redwoods,RED,CAL,Western,M,Midfield,2,R/L,5'8,24,Duke,USA,andrew-mcadorey,https://img.premierlacrosseleague.com/Players/2026/andrew-mcadorey.webp,https://premierlacrosseleague.com/teams/california-redwoods/roster,Redwoods Roster | Premier Lacrosse League,2026-06-05T13:51:33.622Z
Marcus Wertheim,Marcus,Wertheim,California Redwoods,RED,CAL,Western,M,Midfield,13,R,6'0,22,Brown,USA,marcus-wertheim,https://img.premierlacrosseleague.com/Players/2026/marcus-wertheim.webp?v=2,https://premierlacrosseleague.com/teams/california-redwoods/roster,Redwoods Roster | Premier Lacrosse League,2026-06-05T13:51:33.622Z
Dante Bowen,Dante,Bowen,California Redwoods,RED,CAL,Western,SSDM,Short Stick Defensive Midfield,,R,6'1,23,Syracuse,Canada,dante-bowen,https://img.premierlacrosseleague.com/Players/2026/dante-bowen.webp?v=2,https://premierlacrosseleague.com/teams/california-redwoods/roster,Redwoods Roster | Premier Lacrosse League,2026-06-05T13:51:33.622Z
Chris Merle,Chris,Merle,California Redwoods,RED,CAL,Western,SSDM,Short Stick Defensive Midfield,23,R,6'1,26,Virginia,USA,chris-merle,https://img.premierlacrosseleague.com/Players/2026/chris-merle.webp,https://premierlacrosseleague.com/teams/california-redwoods/roster,Redwoods Roster | Premier Lacrosse League,2026-06-05T13:51:33.621Z
Carter Rice,Carter,Rice,California Redwoods,RED,CAL,Western,SSDM,Short Stick Defensive Midfield,3,L,5'11,,Syracuse,USA,carter-rice,https://img.premierlacrosseleague.com/Players/2026/carter-rice.webp,https://premierlacrosseleague.com/teams/california-redwoods/roster,Redwoods Roster | Premier Lacrosse League,2026-06-05T13:51:33.622Z
Brian Tevlin,Brian,Tevlin,California Redwoods,RED,CAL,Western,SSDM,Short Stick Defensive Midfield,12,R,5'11,27,Notre Dame,USA,brian-tevlin,https://img.premierlacrosseleague.com/Players/2026/brian-tevlin.webp,https://premierlacrosseleague.com/teams/california-redwoods/roster,Redwoods Roster | Premier Lacrosse League,2026-06-05T13:51:33.621Z
Jared Conners,Jared,Conners,California Redwoods,RED,CAL,Western,LSM,Long Stick Midfield,28,R,6'5,28,Virginia,USA,jared-conners,https://img.premierlacrosseleague.com/Players/2026/jared-conners.webp?v=6,https://premierlacrosseleague.com/teams/california-redwoods/roster,Redwoods Roster | Premier Lacrosse League,2026-06-05T13:51:33.622Z
BJ Farrare,BJ,Farrare,California Redwoods,RED,CAL,Western,LSM,Long Stick Midfield,70,L,5'8,26,University of Pennsylvania,USA,bj-farrare,https://img.premierlacrosseleague.com/Players/2026/bj-farrare.webp,https://premierlacrosseleague.com/teams/california-redwoods/roster,Redwoods Roster | Premier Lacrosse League,2026-06-05T13:51:33.622Z
Matt Wright,Matt,Wright,California Redwoods,RED,CAL,Western,LSM,Long Stick Midfield,51,R,6'0,,Syracuse,Canada,matt-wright,https://premierlacrosseleague.com/wp-content/uploads/2025/05/Headshot_generic_transparent.webp?v=1,https://premierlacrosseleague.com/teams/california-redwoods/roster,Redwoods Roster | Premier Lacrosse League,2026-06-05T13:51:33.623Z
Cullen Brown,Cullen,Brown,California Redwoods,RED,CAL,Western,D,Defense,9,R,6'4,22,Ohio State,USA,cullen-brown,https://img.premierlacrosseleague.com/Players/2023/generic_headshot.jpeg,https://premierlacrosseleague.com/teams/california-redwoods/roster,Redwoods Roster | Premier Lacrosse League,2026-06-05T13:51:33.623Z
Chris Conlin,Chris,Conlin,California Redwoods,RED,CAL,Western,D,Defense,20,L,6'2,26,Notre Dame,USA,chris-conlin,https://img.premierlacrosseleague.com/Players/2026/chris-conlin.webp,https://premierlacrosseleague.com/teams/california-redwoods/roster,Redwoods Roster | Premier Lacrosse League,2026-06-05T13:51:33.623Z
Chris Fake,Chris,Fake,California Redwoods,RED,CAL,Western,D,Defense,31,R,6'1,27,Yale,USA,chris-fake,https://img.premierlacrosseleague.com/Players/2026/chris-fake.webp,https://premierlacrosseleague.com/teams/california-redwoods/roster,Redwoods Roster | Premier Lacrosse League,2026-06-05T13:51:33.623Z
Cole Kastner,Cole,Kastner,California Redwoods,RED,CAL,Western,D,Defense,39,R,6'7,24,Virginia,USA,cole-kastner,https://img.premierlacrosseleague.com/Players/2026/cole-kastner.webp,https://premierlacrosseleague.com/teams/california-redwoods/roster,Redwoods Roster | Premier Lacrosse League,2026-06-05T13:51:33.623Z
TD Ierlan,TD,Ierlan,California Redwoods,RED,CAL,Western,FO,Faceoff,6,R,5'9,28,Yale,USA,td-ierlan,https://img.premierlacrosseleague.com/Players/2026/td-ierlan.webp,https://premierlacrosseleague.com/teams/california-redwoods/roster,Redwoods Roster | Premier Lacrosse League,2026-06-05T13:51:33.621Z
Ryan Croddick,Ryan,Croddick,California Redwoods,RED,CAL,Western,G,Goalie,26,R,6'3,,Princeton,USA,ryan-croddick,https://img.premierlacrosseleague.com/Players/2023/generic_headshot.jpeg,https://premierlacrosseleague.com/teams/california-redwoods/roster,Redwoods Roster | Premier Lacrosse League,2026-06-05T13:51:33.623Z
Dillon Ward,Dillon,Ward,California Redwoods,RED,CAL,Western,G,Goalie,37,R,6'5,35,Bellarmine,Canada,dillon-ward,https://img.premierlacrosseleague.com/Players/2026/dillon-ward.webp?v=5,https://premierlacrosseleague.com/teams/california-redwoods/roster,Redwoods Roster | Premier Lacrosse League,2026-06-05T13:51:33.621Z
Jackson Eicher,Jackson,Eicher,Carolina Chaos,CHA,CAR,Western,A,Attack,19,R,6'4,24,Army,USA,jackson-eicher,https://img.premierlacrosseleague.com/Players/2026/jackson-eicher.webp?v=9,https://premierlacrosseleague.com/teams/carolina-chaos/roster,Chaos Roster | Premier Lacrosse League,2026-06-05T13:51:41.898Z
Owen Hiltz,Owen,Hiltz,Carolina Chaos,CHA,CAR,Western,A,Attack,77,L,5'8,24,Syracuse,Canada,owen-hiltz,https://img.premierlacrosseleague.com/Players/2026/owen-hiltz.webp?v=5,https://premierlacrosseleague.com/teams/carolina-chaos/roster,Chaos Roster | Premier Lacrosse League,2026-06-05T13:51:41.898Z
Brendan Nichtern,Brendan,Nichtern,Carolina Chaos,CHA,CAR,Western,A,Attack,20,R,6'0,27,Army,USA,brendan-nichtern,https://img.premierlacrosseleague.com/Players/2026/brendan-nichtern.webp,https://premierlacrosseleague.com/teams/carolina-chaos/roster,Chaos Roster | Premier Lacrosse League,2026-06-05T13:51:41.899Z
Chris Aslanian,Chris,Aslanian,Carolina Chaos,CHA,CAR,Western,M,Midfield,3,R/L,6'3,30,Hobart,USA,chris-aslanian,https://img.premierlacrosseleague.com/Players/2026/chris-aslanian.webp,https://premierlacrosseleague.com/teams/carolina-chaos/roster,Chaos Roster | Premier Lacrosse League,2026-06-05T13:51:41.899Z
Charlie Bertrand,Charlie,Bertrand,Carolina Chaos,CHA,CAR,Western,M,Midfield,41,L,6'3,28,Virginia,USA,charlie-bertrand,https://img.premierlacrosseleague.com/Players/2026/charlie-bertrand.png,https://premierlacrosseleague.com/teams/carolina-chaos/roster,Chaos Roster | Premier Lacrosse League,2026-06-05T13:51:41.899Z
Shane Knobloch,Shane,Knobloch,Carolina Chaos,CHA,CAR,Western,M,Midfield,27,R/L,5'9,24,Rutgers,USA,shane-knobloch,https://img.premierlacrosseleague.com/Players/2026/shane-knobloch.webp,https://premierlacrosseleague.com/teams/carolina-chaos/roster,Chaos Roster | Premier Lacrosse League,2026-06-05T13:51:41.899Z
Teddy Malone,Teddy,Malone,Carolina Chaos,CHA,CAR,Western,M,Midfield,26,R/L,6'0,,Harvard,USA,teddy-malone,https://img.premierlacrosseleague.com/Players/2026/teddy-malone.webp?v=2,https://premierlacrosseleague.com/teams/carolina-chaos/roster,Chaos Roster | Premier Lacrosse League,2026-06-05T13:51:41.899Z
Chad Palumbo,Chad,Palumbo,Carolina Chaos,CHA,CAR,Western,M,Midfield,11,L,6'2,,Princeton,USA,chad-palumbo,https://img.premierlacrosseleague.com/Players/2026/chad-palumbo.webp?v=1,https://premierlacrosseleague.com/teams/carolina-chaos/roster,Chaos Roster | Premier Lacrosse League,2026-06-05T13:51:41.899Z
Ross Scott,Ross,Scott,Carolina Chaos,CHA,CAR,Western,M,Midfield,15,R,5'9,24,Rutgers,USA,ross-scott,https://img.premierlacrosseleague.com/Players/2026/ross-scott.webp,https://premierlacrosseleague.com/teams/carolina-chaos/roster,Chaos Roster | Premier Lacrosse League,2026-06-05T13:51:41.899Z
JJ Sillstrop,JJ,Sillstrop,Carolina Chaos,CHA,CAR,Western,M,Midfield,51,L,5'10,25,Denver,USA,jj-sillstrop,https://img.premierlacrosseleague.com/Players/2025/jj-sillstrop.png?v=3,https://premierlacrosseleague.com/teams/carolina-chaos/roster,Chaos Roster | Premier Lacrosse League,2026-06-05T13:51:41.899Z
Eric Spanos,Eric,Spanos,Carolina Chaos,CHA,CAR,Western,M,Midfield,7,R,6'3,23,Maryland,USA,eric-spanos,https://img.premierlacrosseleague.com/Players/2026/eric-spanos.webp?v=2,https://premierlacrosseleague.com/teams/carolina-chaos/roster,Chaos Roster | Premier Lacrosse League,2026-06-05T13:51:41.899Z
Cole Williams,Cole,Williams,Carolina Chaos,CHA,CAR,Western,M,Midfield,4,R/L,6'5,28,Johns Hopkins,USA,cole-williams,https://img.premierlacrosseleague.com/Players/2026/cole-williams.webp,https://premierlacrosseleague.com/teams/carolina-chaos/roster,Chaos Roster | Premier Lacrosse League,2026-06-05T13:51:41.899Z
Ray Dearth,Ray,Dearth,Carolina Chaos,CHA,CAR,Western,SSDM,Short Stick Defensive Midfield,9,R,6'2,24,Harvard,USA,ray-dearth,https://img.premierlacrosseleague.com/Players/2026/ray-dearth.webp,https://premierlacrosseleague.com/teams/carolina-chaos/roster,Chaos Roster | Premier Lacrosse League,2026-06-05T13:51:41.899Z
Peter Detwiler,Peter,Detwiler,Carolina Chaos,CHA,CAR,Western,SSDM,Short Stick Defensive Midfield,32,R,6'0,22,Marquette,USA,peter-detwiler,https://img.premierlacrosseleague.com/Players/2026/peter-detwiler.webp?v=2,https://premierlacrosseleague.com/teams/carolina-chaos/roster,Chaos Roster | Premier Lacrosse League,2026-06-05T13:51:41.899Z
Mark Glicini,Mark,Glicini,Carolina Chaos,CHA,CAR,Western,SSDM,Short Stick Defensive Midfield,16,R,6'1,33,Yale,USA,mark-glicini,https://img.premierlacrosseleague.com/Players/2026/mark-glicini.webp,https://premierlacrosseleague.com/teams/carolina-chaos/roster,Chaos Roster | Premier Lacrosse League,2026-06-05T13:51:41.898Z
Greg Langermeier,Greg,Langermeier,Carolina Chaos,CHA,CAR,Western,SSDM,Short Stick Defensive Midfield,38,R,6'0,24,Ohio State,USA,greg-langermeier,https://img.premierlacrosseleague.com/Players/2026/greg-langermeier.webp,https://premierlacrosseleague.com/teams/carolina-chaos/roster,Chaos Roster | Premier Lacrosse League,2026-06-05T13:51:41.899Z
Christian Scarpello,Christian,Scarpello,Carolina Chaos,CHA,CAR,Western,SSDM,Short Stick Defensive Midfield,50,L,5'11,29,Rutgers,USA,christian-scarpello,https://img.premierlacrosseleague.com/Players/2026/christian-scarpello.webp?v=1,https://premierlacrosseleague.com/teams/carolina-chaos/roster,Chaos Roster | Premier Lacrosse League,2026-06-05T13:51:41.899Z
Richard Checo,Richard,Checo,Carolina Chaos,CHA,CAR,Western,LSM,Long Stick Midfield,45,R,5'9,22,Lehigh,USA,richard-checo,https://img.premierlacrosseleague.com/Players/2026/richard-checo.webp?v=1,https://premierlacrosseleague.com/teams/carolina-chaos/roster,Chaos Roster | Premier Lacrosse League,2026-06-05T13:51:41.900Z
Troy Reh,Troy,Reh,Carolina Chaos,CHA,CAR,Western,LSM,Long Stick Midfield,10,R,5'11,30,Albany,USA,troy-reh,https://img.premierlacrosseleague.com/Players/2026/troy-reh.webp?v=4,https://premierlacrosseleague.com/teams/carolina-chaos/roster,Chaos Roster | Premier Lacrosse League,2026-06-05T13:51:41.900Z
Henry Bard,Henry,Bard,Carolina Chaos,CHA,CAR,Western,D,Defense,,R,6'3,,Duke,USA,henry-bard,https://img.premierlacrosseleague.com/Players/2023/generic_headshot.jpeg,https://premierlacrosseleague.com/teams/carolina-chaos/roster,Chaos Roster | Premier Lacrosse League,2026-06-05T13:51:41.900Z
Liam Byrnes,Liam,Byrnes,Carolina Chaos,CHA,CAR,Western,D,Defense,21,R,6'3,33,Marquette,USA,liam-byrnes,https://img.premierlacrosseleague.com/Players/2026/liam-byrnes.webp,https://premierlacrosseleague.com/teams/carolina-chaos/roster,Chaos Roster | Premier Lacrosse League,2026-06-05T13:51:41.900Z
Jarrod Neumann,Jarrod,Neumann,Carolina Chaos,CHA,CAR,Western,D,Defense,88,R,6'4,32,Providence,USA,jarrod-neumann,https://img.premierlacrosseleague.com/Players/2026/jarrod-neumann.webp,https://premierlacrosseleague.com/teams/carolina-chaos/roster,Chaos Roster | Premier Lacrosse League,2026-06-05T13:51:41.898Z
Jack Rowlett,Jack,Rowlett,Carolina Chaos,CHA,CAR,Western,D,Defense,99,R,6'1,29,University of North Carolina,USA,jack-rowlett,https://img.premierlacrosseleague.com/Players/2026/jack-rowlett.webp?v=4,https://premierlacrosseleague.com/teams/carolina-chaos/roster,Chaos Roster | Premier Lacrosse League,2026-06-05T13:51:41.900Z
Scott Smith,Scott,Smith,Carolina Chaos,CHA,CAR,Western,D,Defense,18,R,6'1,24,Johns Hopkins,USA,scott-smith,https://img.premierlacrosseleague.com/Players/2026/scott-smith.webp,https://premierlacrosseleague.com/teams/carolina-chaos/roster,Chaos Roster | Premier Lacrosse League,2026-06-05T13:51:41.900Z
Justin Inacio,Justin,Inacio,Carolina Chaos,CHA,CAR,Western,FO,Faceoff,30,R,5'10,27,Ohio State,Canada,justin-inacio,https://img.premierlacrosseleague.com/Players/2026/justin-inacio.webp,https://premierlacrosseleague.com/teams/carolina-chaos/roster,Chaos Roster | Premier Lacrosse League,2026-06-05T13:51:41.900Z
Austin Kaut,Austin,Kaut,Carolina Chaos,CHA,CAR,Western,G,Goalie,14,L,6'1,34,Penn State,USA,austin-kaut,https://img.premierlacrosseleague.com/Players/2026/austin-kaut.webp,https://premierlacrosseleague.com/teams/carolina-chaos/roster,Chaos Roster | Premier Lacrosse League,2026-06-05T13:51:41.900Z
Blaze Riorden,Blaze,Riorden,Carolina Chaos,CHA,CAR,Western,G,Goalie,0,L,6'0,32,Albany,USA,blaze-riorden,https://img.premierlacrosseleague.com/Players/2026/blaze-riorden.webp?v=4,https://premierlacrosseleague.com/teams/carolina-chaos/roster,Chaos Roster | Premier Lacrosse League,2026-06-05T13:51:41.898Z
Jared Bernhardt,Jared,Bernhardt,Denver Outlaws,OUT,DEN,Western,A,Attack,10,R/L,6'1,,Maryland,USA,jared-bernhardt,https://img.premierlacrosseleague.com/Players/2026/jared-bernhardt.webp?v=3,https://premierlacrosseleague.com/teams/denver-outlaws/roster,Outlaws Roster | Premier Lacrosse League,2026-06-05T13:51:50.550Z
Pat Kavanagh,Pat,Kavanagh,Denver Outlaws,OUT,DEN,Western,A,Attack,51,R,5'10,25,Notre Dame,USA,pat-kavanagh,https://img.premierlacrosseleague.com/Players/2025/pat-kavanagh.png?v=3,https://premierlacrosseleague.com/teams/denver-outlaws/roster,Outlaws Roster | Premier Lacrosse League,2026-06-05T13:51:50.550Z
Brennan O'Neill,Brennan,O'Neill,Denver Outlaws,OUT,DEN,Western,A,Attack,42,L,6'3,24,Duke,USA,brennan-o-neill,https://img.premierlacrosseleague.com/Players/2026/brennan-o-neill.webp?v=5,https://premierlacrosseleague.com/teams/denver-outlaws/roster,Outlaws Roster | Premier Lacrosse League,2026-06-05T13:51:50.550Z
Logan Wisnauskas,Logan,Wisnauskas,Denver Outlaws,OUT,DEN,Western,A,Attack,12,L,6'3,27,Maryland,USA,logan-wisnauskas,https://img.premierlacrosseleague.com/Players/2026/logan-wisnauskas.webp?v=4,https://premierlacrosseleague.com/teams/denver-outlaws/roster,Outlaws Roster | Premier Lacrosse League,2026-06-05T13:51:50.551Z
Justin Anderson,Justin,Anderson,Denver Outlaws,OUT,DEN,Western,M,Midfield,21,R/L,6'0,30,North Carolina,USA,justin-anderson,https://img.premierlacrosseleague.com/Players/2026/justin-anderson.webp,https://premierlacrosseleague.com/teams/denver-outlaws/roster,Outlaws Roster | Premier Lacrosse League,2026-06-05T13:51:50.550Z
Graham Bundy Jr.,Graham,Bundy Jr.,Denver Outlaws,OUT,DEN,Western,M,Midfield,0,R,6'1,25,Georgetown,USA,graham-bundy-jr-,https://img.premierlacrosseleague.com/Players/2026/graham-bundy-jr.webp,https://premierlacrosseleague.com/teams/denver-outlaws/roster,Outlaws Roster | Premier Lacrosse League,2026-06-05T13:51:50.551Z
Nolan Byrne,Nolan,Byrne,Denver Outlaws,OUT,DEN,Western,M,Midfield,,L,6'3,,Lafayette,Canada,nolan-byrne,https://premierlacrosseleague.com/wp-content/uploads/2025/05/Headshot_generic_transparent.webp?v=1,https://premierlacrosseleague.com/teams/denver-outlaws/roster,Outlaws Roster | Premier Lacrosse League,2026-06-05T13:51:50.551Z
Jonathan Donville,Jonathan,Donville,Denver Outlaws,OUT,DEN,Western,M,Midfield,3,R,6'0,28,Maryland,Canada,jonathan-donville,https://img.premierlacrosseleague.com/Players/2026/jonathon-donville.webp,https://premierlacrosseleague.com/teams/denver-outlaws/roster,Outlaws Roster | Premier Lacrosse League,2026-06-05T13:51:50.551Z
John Dunphey,John,Dunphey,Denver Outlaws,OUT,DEN,Western,M,Midfield,48,L,6'0,,Princeton,USA,john-dunphey,https://img.premierlacrosseleague.com/Players/2023/generic_headshot.jpeg,https://premierlacrosseleague.com/teams/denver-outlaws/roster,Outlaws Roster | Premier Lacrosse League,2026-06-05T13:51:50.551Z
Evan Plunkett,Evan,Plunkett,Denver Outlaws,OUT,DEN,Western,M,Midfield,4,R/L,5'10,23,Army,USA,evan-plunkett,https://img.premierlacrosseleague.com/Players/2026/evan-plunkett.webp?v=1,https://premierlacrosseleague.com/teams/denver-outlaws/roster,Outlaws Roster | Premier Lacrosse League,2026-06-05T13:51:50.551Z
Mikie Schlosser,Mikie,Schlosser,Denver Outlaws,OUT,DEN,Western,M,Midfield,59,R/L,6'2,31,Michigan,USA,mikie-schlosser,https://img.premierlacrosseleague.com/Players/2026/mikie-schlosser.webp?v=4,https://premierlacrosseleague.com/teams/denver-outlaws/roster,Outlaws Roster | Premier Lacrosse League,2026-06-05T13:51:50.551Z
Dalton Young,Dalton,Young,Denver Outlaws,OUT,DEN,Western,M,Midfield,11,R,6'0,25,Richmond,USA,dalton-young,https://img.premierlacrosseleague.com/Players/2026/dalton-young.webp,https://premierlacrosseleague.com/teams/denver-outlaws/roster,Outlaws Roster | Premier Lacrosse League,2026-06-05T13:51:50.551Z
Zach Geddes,Zach,Geddes,Denver Outlaws,OUT,DEN,Western,SSDM,Short Stick Defensive Midfield,13,R,6'1,27,Georgetown,USA,zach-geddes,https://img.premierlacrosseleague.com/Players/2026/zach-geddes.webp,https://premierlacrosseleague.com/teams/denver-outlaws/roster,Outlaws Roster | Premier Lacrosse League,2026-06-05T13:51:50.551Z
Jack Gray,Jack,Gray,Denver Outlaws,OUT,DEN,Western,SSDM,Short Stick Defensive Midfield,44,R,6'1,23,Duke,USA,jack-gray,https://img.premierlacrosseleague.com/Players/2026/jack-gray.webp,https://premierlacrosseleague.com/teams/denver-outlaws/roster,Outlaws Roster | Premier Lacrosse League,2026-06-05T13:51:50.551Z
Alexander Smith,Alexander,Smith,Denver Outlaws,OUT,DEN,Western,SSDM,Short Stick Defensive Midfield,39,R,6'2,26,Maryland,USA,alexander-smith,https://img.premierlacrosseleague.com/Players/2026/alex-smith.webp,https://premierlacrosseleague.com/teams/denver-outlaws/roster,Outlaws Roster | Premier Lacrosse League,2026-06-05T13:51:50.551Z
Ryan Terefenko,Ryan,Terefenko,Denver Outlaws,OUT,DEN,Western,SSDM,Short Stick Defensive Midfield,34,R,6'0,28,Ohio State,USA,ryan-terefenko,https://img.premierlacrosseleague.com/Players/2026/ryan-terefenko.webp?v=4,https://premierlacrosseleague.com/teams/denver-outlaws/roster,Outlaws Roster | Premier Lacrosse League,2026-06-05T13:51:50.550Z
Nick Grill,Nick,Grill,Denver Outlaws,OUT,DEN,Western,LSM,Long Stick Midfield,8,R,5'8,28,Maryland,USA,nick-grill,https://img.premierlacrosseleague.com/Players/2026/nick-grill.webp,https://premierlacrosseleague.com/teams/denver-outlaws/roster,Outlaws Roster | Premier Lacrosse League,2026-06-05T13:51:50.551Z
Jake Piseno,Jake,Piseno,Denver Outlaws,OUT,DEN,Western,LSM,Long Stick Midfield,88,R,5'8,25,UAlbany,Iroquois,jake-piseno,https://img.premierlacrosseleague.com/Players/2026/jake-piseno.webp,https://premierlacrosseleague.com/teams/denver-outlaws/roster,Outlaws Roster | Premier Lacrosse League,2026-06-05T13:51:50.551Z
Greg Weyl,Greg,Weyl,Denver Outlaws,OUT,DEN,Western,LSM,Long Stick Midfield,57,L,6'2,29,Mercyhurst,USA,greg-weyl,https://img.premierlacrosseleague.com/Players/2026/greg-weyl.webp,https://premierlacrosseleague.com/teams/denver-outlaws/roster,Outlaws Roster | Premier Lacrosse League,2026-06-05T13:51:50.552Z
JT Giles-Harris,JT,Giles-Harris,Denver Outlaws,OUT,DEN,Western,D,Defense,1,R,5'10,27,Duke,USA,jt-giles-harris,https://img.premierlacrosseleague.com/Players/2026/jt-giles-harris.webp?v=5,https://premierlacrosseleague.com/teams/denver-outlaws/roster,Outlaws Roster | Premier Lacrosse League,2026-06-05T13:51:50.552Z
Michael Manley,Michael,Manley,Denver Outlaws,OUT,DEN,Western,D,Defense,37,R,6'2,37,Duke,USA,michael-manley,https://img.premierlacrosseleague.com/Players/2026/michael-manley.webp?v=3,https://premierlacrosseleague.com/teams/denver-outlaws/roster,Outlaws Roster | Premier Lacrosse League,2026-06-05T13:51:50.550Z
Kevin Parnham,Kevin,Parnham,Denver Outlaws,OUT,DEN,Western,D,Defense,16,L,6'2,23,Penn St.,USA,kevin-parnham,https://img.premierlacrosseleague.com/Players/2026/kevin-parnham.webp?v=3,https://premierlacrosseleague.com/teams/denver-outlaws/roster,Outlaws Roster | Premier Lacrosse League,2026-06-05T13:51:50.552Z
Ben Randall,Ben,Randall,Denver Outlaws,OUT,DEN,Western,D,Defense,77,R,6'3,30,Ohio State,USA,ben-randall,https://img.premierlacrosseleague.com/Players/2026/ben-randall.webp,https://premierlacrosseleague.com/teams/denver-outlaws/roster,Outlaws Roster | Premier Lacrosse League,2026-06-05T13:51:50.552Z
Luke Wierman,Luke,Wierman,Denver Outlaws,OUT,DEN,Western,FO,Faceoff,52,R,6'2,25,Maryland,USA,luke-wierman,https://img.premierlacrosseleague.com/Players/2026/luke-wierman.webp,https://premierlacrosseleague.com/teams/denver-outlaws/roster,Outlaws Roster | Premier Lacrosse League,2026-06-05T13:51:50.552Z
Owen McElroy,Owen,McElroy,Denver Outlaws,OUT,DEN,Western,G,Goalie,24,R,6'1,27,Georgetown,USA,owen-mcelroy,https://img.premierlacrosseleague.com/Players/2026/owen-mcelroy.webp,https://premierlacrosseleague.com/teams/denver-outlaws/roster,Outlaws Roster | Premier Lacrosse League,2026-06-05T13:51:50.552Z
Logan McNaney,Logan,McNaney,Denver Outlaws,OUT,DEN,Western,G,Goalie,30,L,5'10,,Maryland,USA,logan-mcnaney,https://img.premierlacrosseleague.com/Players/2026/logan-mcnaney.webp,https://premierlacrosseleague.com/teams/denver-outlaws/roster,Outlaws Roster | Premier Lacrosse League,2026-06-05T13:51:50.552Z
TJ Malone,TJ,Malone,Maryland Whipsnakes,WHP,MD,Eastern,A,Attack,7,L,5'11,27,Penn State,USA,tj-malone,https://img.premierlacrosseleague.com/Players/2026/tj-malone.webp?v=6,https://premierlacrosseleague.com/teams/maryland-whipsnakes/roster,Whipsnakes Roster | Premier Lacrosse League,2026-06-05T13:51:59.015Z
Rob Pannell,Rob,Pannell,Maryland Whipsnakes,WHP,MD,Eastern,A,Attack,3,R/L,5'10,36,Cornell,USA,rob-pannell,https://img.premierlacrosseleague.com/Players/2026/rob-pannell.webp,https://premierlacrosseleague.com/teams/maryland-whipsnakes/roster,Whipsnakes Roster | Premier Lacrosse League,2026-06-05T13:51:59.015Z
Joey Spallina,Joey,Spallina,Maryland Whipsnakes,WHP,MD,Eastern,A,Attack,22,R,5'11,,Syracuse,USA,joey-spallina,https://img.premierlacrosseleague.com/Players/2026/joey-spallina.webp?v=1,https://premierlacrosseleague.com/teams/maryland-whipsnakes/roster,Whipsnakes Roster | Premier Lacrosse League,2026-06-05T13:51:59.016Z
Matt Brandau,Matt,Brandau,Maryland Whipsnakes,WHP,MD,Eastern,M,Midfield,41,R/L,5'11,27,Yale,USA,matt-brandau,https://img.premierlacrosseleague.com/Players/2026/matt-brandau.webp,https://premierlacrosseleague.com/teams/maryland-whipsnakes/roster,Whipsnakes Roster | Premier Lacrosse League,2026-06-05T13:51:59.016Z
Aidan Carroll,Aidan,Carroll,Maryland Whipsnakes,WHP,MD,Eastern,M,Midfield,12,R/L,6'0,,Georgetown,USA,aidan-carroll,https://img.premierlacrosseleague.com/Players/2026/aidan-carroll.webp,https://premierlacrosseleague.com/teams/maryland-whipsnakes/roster,Whipsnakes Roster | Premier Lacrosse League,2026-06-05T13:51:59.016Z
Garrett Degnon,Garrett,Degnon,Maryland Whipsnakes,WHP,MD,Eastern,M,Midfield,40,R/L,6'4,26,Johns Hopkins,USA,garrett-degnon,https://img.premierlacrosseleague.com/Players/2026/garrett-degnon.webp,https://premierlacrosseleague.com/teams/maryland-whipsnakes/roster,Whipsnakes Roster | Premier Lacrosse League,2026-06-05T13:51:59.016Z
Colin Heacock,Colin,Heacock,Maryland Whipsnakes,WHP,MD,Eastern,M,Midfield,10,R/L,6'3,32,Maryland,USA,colin-heacock,https://img.premierlacrosseleague.com/Players/2026/colin-heacock.webp,https://premierlacrosseleague.com/teams/maryland-whipsnakes/roster,Whipsnakes Roster | Premier Lacrosse League,2026-06-05T13:51:59.016Z
Adam Poitras,Adam,Poitras,Maryland Whipsnakes,WHP,MD,Eastern,M,Midfield,51,L,6'2,24,Loyola Maryland,Canada,adam-poitras,https://img.premierlacrosseleague.com/Players/2026/adam-poitras.webp?v=4,https://premierlacrosseleague.com/teams/maryland-whipsnakes/roster,Whipsnakes Roster | Premier Lacrosse League,2026-06-05T13:51:59.016Z
Truitt Sunderland,Truitt,Sunderland,Maryland Whipsnakes,WHP,MD,Eastern,M,Midfield,6,R,5'10,23,Virginia,USA,truitt-sunderland,https://img.premierlacrosseleague.com/Players/2026/truitt-sunderland.webp?v=1,https://premierlacrosseleague.com/teams/maryland-whipsnakes/roster,Whipsnakes Roster | Premier Lacrosse League,2026-06-05T13:51:59.016Z
Jake Bernhardt,Jake,Bernhardt,Maryland Whipsnakes,WHP,MD,Eastern,SSDM,Short Stick Defensive Midfield,83,R,6'0,36,Maryland,USA,jake-bernhardt,https://img.premierlacrosseleague.com/Players/2026/jake-bernhardt.webp?v=4,https://premierlacrosseleague.com/teams/maryland-whipsnakes/roster,Whipsnakes Roster | Premier Lacrosse League,2026-06-05T13:51:59.015Z
Blake Eiland,Blake,Eiland,Maryland Whipsnakes,WHP,MD,Eastern,SSDM,Short Stick Defensive Midfield,34,R,6'0,22,Ohio State,USA,blake-eiland,https://img.premierlacrosseleague.com/Players/2026/blake-eiland.webp?v=1,https://premierlacrosseleague.com/teams/maryland-whipsnakes/roster,Whipsnakes Roster | Premier Lacrosse League,2026-06-05T13:51:59.016Z
Joe Juengerkes,Joe,Juengerkes,Maryland Whipsnakes,WHP,MD,Eastern,SSDM,Short Stick Defensive Midfield,15,R,6'0,,Rutgers,USA,joe-juengerkes,https://img.premierlacrosseleague.com/Players/2026/joe-juengerkes.webp?v=2,https://premierlacrosseleague.com/teams/maryland-whipsnakes/roster,Whipsnakes Roster | Premier Lacrosse League,2026-06-05T13:51:59.016Z
Eric Kolar,Eric,Kolar,Maryland Whipsnakes,WHP,MD,Eastern,SSDM,Short Stick Defensive Midfield,8,R,5'11,23,Maryland,USA,eric-kolar,https://img.premierlacrosseleague.com/Players/2026/eric-kolar.webp?v=1,https://premierlacrosseleague.com/teams/maryland-whipsnakes/roster,Whipsnakes Roster | Premier Lacrosse League,2026-06-05T13:51:59.016Z
Jack Pilling,Jack,Pilling,Maryland Whipsnakes,WHP,MD,Eastern,SSDM,Short Stick Defensive Midfield,18,R,5'11,22,Richmond,USA,jack-pilling,https://img.premierlacrosseleague.com/Players/2026/jack-pilling.webp?v=1,https://premierlacrosseleague.com/teams/maryland-whipsnakes/roster,Whipsnakes Roster | Premier Lacrosse League,2026-06-05T13:51:59.016Z
Payton Rezanka,Payton,Rezanka,Maryland Whipsnakes,WHP,MD,Eastern,SSDM,Short Stick Defensive Midfield,34,L,5'11,26,Loyola,USA,payton-rezanka,https://img.premierlacrosseleague.com/Players/2026/payton-rezanka.webp,https://premierlacrosseleague.com/teams/maryland-whipsnakes/roster,Whipsnakes Roster | Premier Lacrosse League,2026-06-05T13:51:59.016Z
James Shipley,James,Shipley,Maryland Whipsnakes,WHP,MD,Eastern,SSDM,Short Stick Defensive Midfield,4,R/L,5'10,25,Penn,USA,james-shipley,https://img.premierlacrosseleague.com/Players/2026/james-shipley.webp,https://premierlacrosseleague.com/teams/maryland-whipsnakes/roster,Whipsnakes Roster | Premier Lacrosse League,2026-06-05T13:51:59.016Z
Jack McDonald,Jack,McDonald,Maryland Whipsnakes,WHP,MD,Eastern,LSM,Long Stick Midfield,11,R,6'5,24,Maryland,USA,jack-mcdonald,https://img.premierlacrosseleague.com/Players/2026/jack-mcdonald.webp,https://premierlacrosseleague.com/teams/maryland-whipsnakes/roster,Whipsnakes Roster | Premier Lacrosse League,2026-06-05T13:51:59.016Z
Colin Squires,Colin,Squires,Maryland Whipsnakes,WHP,MD,Eastern,LSM,Long Stick Midfield,39,R,6'2,27,Denver,USA,colin-squires,https://img.premierlacrosseleague.com/Players/2025/colin-squires.png?v=4,https://premierlacrosseleague.com/teams/maryland-whipsnakes/roster,Whipsnakes Roster | Premier Lacrosse League,2026-06-05T13:51:59.017Z
Matthew Dunn,Matthew,Dunn,Maryland Whipsnakes,WHP,MD,Eastern,D,Defense,33,R,6'3,32,Maryland,USA,matthew-dunn,https://img.premierlacrosseleague.com/Players/2026/matthew-dunn.webp?v=4,https://premierlacrosseleague.com/teams/maryland-whipsnakes/roster,Whipsnakes Roster | Premier Lacrosse League,2026-06-05T13:51:59.017Z
Billy Dwan III,Billy,Dwan III,Maryland Whipsnakes,WHP,MD,Eastern,D,Defense,35,L,6'4,22,Syracuse,USA,billy-dwan-iii,https://img.premierlacrosseleague.com/Players/2026/billy-dwan.webp?v=1,https://premierlacrosseleague.com/teams/maryland-whipsnakes/roster,Whipsnakes Roster | Premier Lacrosse League,2026-06-05T13:51:59.017Z
Tim Muller,Tim,Muller,Maryland Whipsnakes,WHP,MD,Eastern,D,Defense,14,R,6'2,30,Maryland,USA,tim-muller,https://img.premierlacrosseleague.com/Players/2026/tim-muller.webp,https://premierlacrosseleague.com/teams/maryland-whipsnakes/roster,Whipsnakes Roster | Premier Lacrosse League,2026-06-05T13:51:59.017Z
Jack Posey,Jack,Posey,Maryland Whipsnakes,WHP,MD,Eastern,D,Defense,43,R,6'1,25,Penn St.,USA,jack-posey,https://img.premierlacrosseleague.com/Players/2026/jack-posey.webp?v=4,https://premierlacrosseleague.com/teams/maryland-whipsnakes/roster,Whipsnakes Roster | Premier Lacrosse League,2026-06-05T13:51:59.017Z
Ajax Zappitello,Ajax,Zappitello,Maryland Whipsnakes,WHP,MD,Eastern,D,Defense,36,R,6'1,24,Maryland,USA,ajax-zappitello,https://img.premierlacrosseleague.com/Players/2026/ajax-zappitello.webp?v=4,https://premierlacrosseleague.com/teams/maryland-whipsnakes/roster,Whipsnakes Roster | Premier Lacrosse League,2026-06-05T13:51:59.017Z
Petey LaSalla,Petey,LaSalla,Maryland Whipsnakes,WHP,MD,Eastern,FO,Faceoff,5,R,5'7,26,Virginia,USA,petey-lasalla,https://img.premierlacrosseleague.com/Players/2026/petey-lasalla.webp,https://premierlacrosseleague.com/teams/maryland-whipsnakes/roster,Whipsnakes Roster | Premier Lacrosse League,2026-06-05T13:51:59.017Z
Blake Malamphy,Blake,Malamphy,Maryland Whipsnakes,WHP,MD,Eastern,FO,Faceoff,,L,5'10,22,Salisbury,USA,blake-malamphy,https://img.premierlacrosseleague.com/Players/2023/generic_headshot.jpeg,https://premierlacrosseleague.com/teams/maryland-whipsnakes/roster,Whipsnakes Roster | Premier Lacrosse League,2026-06-05T13:51:59.017Z
Joseph Nardella,Joseph,Nardella,Maryland Whipsnakes,WHP,MD,Eastern,FO,Faceoff,91,R,5'10,33,Rutgers,USA,joseph-nardella,https://img.premierlacrosseleague.com/Players/2025/joseph-nardella.png?v=3,https://premierlacrosseleague.com/teams/maryland-whipsnakes/roster,Whipsnakes Roster | Premier Lacrosse League,2026-06-05T13:51:59.017Z
Matthew Paolatto,Matthew,Paolatto,Maryland Whipsnakes,WHP,MD,Eastern,FO,Faceoff,25,R,5'11,25,Rutgers,USA,matthew-paolatto,https://img.premierlacrosseleague.com/Players/2025/matthew-paolatto.png?v=2,https://premierlacrosseleague.com/teams/maryland-whipsnakes/roster,Whipsnakes Roster | Premier Lacrosse League,2026-06-05T13:51:59.017Z
Emmet Carroll,Emmet,Carroll,Maryland Whipsnakes,WHP,MD,Eastern,G,Goalie,19,R,6'3,23,Penn,USA,emmet-carroll,https://img.premierlacrosseleague.com/Players/2026/emmet-carroll.webp,https://premierlacrosseleague.com/teams/maryland-whipsnakes/roster,Whipsnakes Roster | Premier Lacrosse League,2026-06-05T13:51:59.017Z
Shun Ito,Shun,Ito,Maryland Whipsnakes,WHP,MD,Eastern,G,Goalie,,R,,,,,shun-ito,https://premierlacrosseleague.com/wp-content/uploads/2025/05/Headshot_generic_transparent.webp?v=1,https://premierlacrosseleague.com/teams/maryland-whipsnakes/roster,Whipsnakes Roster | Premier Lacrosse League,2026-06-05T13:51:59.017Z
Brian Phipps,Brian,Phipps,Maryland Whipsnakes,WHP,MD,Eastern,G,Goalie,30,R,5'9,38,Maryland,USA,brian-phipps,https://img.premierlacrosseleague.com/Players/2026/brian-phipps.webp?v=1,https://premierlacrosseleague.com/teams/maryland-whipsnakes/roster,Whipsnakes Roster | Premier Lacrosse League,2026-06-05T13:51:59.017Z
Reid Bowering,Reid,Bowering,New York Atlas,ATL,NY,Eastern,A,Attack,98,L,6'0,28,Drexel,Canada,reid-bowering,https://img.premierlacrosseleague.com/Players/2026/reid-bowering.webp?v=4,https://premierlacrosseleague.com/teams/new-york-atlas/roster,Atlas Roster | Premier Lacrosse League,2026-06-05T13:52:07.517Z
Xander Dickson,Xander,Dickson,New York Atlas,ATL,NY,Eastern,A,Attack,10,R,6'1,27,Virginia,USA,xander-dickson,https://img.premierlacrosseleague.com/Players/2026/xander-dickson.webp,https://premierlacrosseleague.com/teams/new-york-atlas/roster,Atlas Roster | Premier Lacrosse League,2026-06-05T13:52:07.517Z
Hunter Drouin,Hunter,Drouin,New York Atlas,ATL,NY,Eastern,A,Attack,13,L,5'10,23,Colgate,USA,hunter-drouin,https://img.premierlacrosseleague.com/Players/2023/generic_headshot.jpeg,https://premierlacrosseleague.com/teams/new-york-atlas/roster,Atlas Roster | Premier Lacrosse League,2026-06-05T13:52:07.517Z
Matt Rambo,Matt,Rambo,New York Atlas,ATL,NY,Eastern,A,Attack,11,L,5'10,31,Maryland,USA,matt-rambo,https://img.premierlacrosseleague.com/Players/2026/matt-rambo.webp,https://premierlacrosseleague.com/teams/new-york-atlas/roster,Atlas Roster | Premier Lacrosse League,2026-06-05T13:52:07.517Z
Connor Shellenberger,Connor,Shellenberger,New York Atlas,ATL,NY,Eastern,A,Attack,1,R,6'1,25,Virginia,USA,connor-shellenberger,https://img.premierlacrosseleague.com/Players/2026/connor-shellenberger.webp?v=4,https://premierlacrosseleague.com/teams/new-york-atlas/roster,Atlas Roster | Premier Lacrosse League,2026-06-05T13:52:07.517Z
Jeff Teat,Jeff,Teat,New York Atlas,ATL,NY,Eastern,A,Attack,7,L,5'10,29,Cornell,Canada,jeff-teat,https://img.premierlacrosseleague.com/Players/2025/jeff-teat.png?v=3,https://premierlacrosseleague.com/teams/new-york-atlas/roster,Atlas Roster | Premier Lacrosse League,2026-06-05T13:52:07.517Z
Levi Anderson,Levi,Anderson,New York Atlas,ATL,NY,Eastern,M,Midfield,8,L,6'4,27,Saint Joseph's,Canada,levi-anderson,https://img.premierlacrosseleague.com/Players/2026/levi-anderson.webp?v=8,https://premierlacrosseleague.com/teams/new-york-atlas/roster,Atlas Roster | Premier Lacrosse League,2026-06-05T13:52:07.517Z
Hugh Kelleher,Hugh,Kelleher,New York Atlas,ATL,NY,Eastern,M,Midfield,27,R/L,6'3,24,Cornell,USA,hugh-kelleher,https://img.premierlacrosseleague.com/Players/2026/hugh-kelleher.webp?v=3,https://premierlacrosseleague.com/teams/new-york-atlas/roster,Atlas Roster | Premier Lacrosse League,2026-06-05T13:52:07.517Z
Aidan McLane,Aidan,McLane,New York Atlas,ATL,NY,Eastern,M,Midfield,29,L,5'11,,Brown,USA,aidan-mclane,https://img.premierlacrosseleague.com/Players/2026/aidan-mclane.webp,https://premierlacrosseleague.com/teams/new-york-atlas/roster,Atlas Roster | Premier Lacrosse League,2026-06-05T13:52:07.518Z
Luke Rhoa,Luke,Rhoa,New York Atlas,ATL,NY,Eastern,M,Midfield,21,R/L,6'0,22,Syracuse,USA,luke-rhoa,https://img.premierlacrosseleague.com/Players/2023/generic_headshot.jpeg,https://premierlacrosseleague.com/teams/new-york-atlas/roster,Atlas Roster | Premier Lacrosse League,2026-06-05T13:52:07.518Z
Jake Stevens,Jake,Stevens,New York Atlas,ATL,NY,Eastern,M,Midfield,14,R,5'9,27,Syracuse,Canada,jake-stevens,https://img.premierlacrosseleague.com/Players/2026/jake-stevens.webp,https://premierlacrosseleague.com/teams/new-york-atlas/roster,Atlas Roster | Premier Lacrosse League,2026-06-05T13:52:07.518Z
Matt Traynor,Matt,Traynor,New York Atlas,ATL,NY,Eastern,M,Midfield,2,R/L,6'2,23,Penn St.,USA,matt-traynor,https://img.premierlacrosseleague.com/Players/2026/matt-traynor.webp,https://premierlacrosseleague.com/teams/new-york-atlas/roster,Atlas Roster | Premier Lacrosse League,2026-06-05T13:52:07.518Z
Eli Gobrecht,Eli,Gobrecht,New York Atlas,ATL,NY,Eastern,SSDM,Short Stick Defensive Midfield,25,R,6'0,32,Ithaca College,USA,eli-gobrecht,https://img.premierlacrosseleague.com/Players/2026/eli-gobrecht.webp?v=4,https://premierlacrosseleague.com/teams/new-york-atlas/roster,Atlas Roster | Premier Lacrosse League,2026-06-05T13:52:07.518Z
Liam Kammar,Liam,Kammar,New York Atlas,ATL,NY,Eastern,SSDM,Short Stick Defensive Midfield,28,R,6'0,,Drexel,USA,liam-kammar,https://img.premierlacrosseleague.com/Players/2026/liam-kammar.webp?v=2,https://premierlacrosseleague.com/teams/new-york-atlas/roster,Atlas Roster | Premier Lacrosse League,2026-06-05T13:52:07.518Z
Max Krevsky,Max,Krevsky,New York Atlas,ATL,NY,Eastern,SSDM,Short Stick Defensive Midfield,48,L,6'2,23,Yale,USA,max-krevsky,https://img.premierlacrosseleague.com/Players/2026/max-krevsky.webp,https://premierlacrosseleague.com/teams/new-york-atlas/roster,Atlas Roster | Premier Lacrosse League,2026-06-05T13:52:07.518Z
Danny Logan,Danny,Logan,New York Atlas,ATL,NY,Eastern,SSDM,Short Stick Defensive Midfield,91,R,5'11,28,Denver,USA,danny-logan,https://img.premierlacrosseleague.com/Players/2026/danny-logan.webp?v=4,https://premierlacrosseleague.com/teams/new-york-atlas/roster,Atlas Roster | Premier Lacrosse League,2026-06-05T13:52:07.517Z
Tyler Carpenter,Tyler,Carpenter,New York Atlas,ATL,NY,Eastern,LSM,Long Stick Midfield,5,R,5'10,26,Duke,USA,tyler-carpenter,https://img.premierlacrosseleague.com/Players/2026/tyler-carpenter.webp,https://premierlacrosseleague.com/teams/new-york-atlas/roster,Atlas Roster | Premier Lacrosse League,2026-06-05T13:52:07.518Z
Michael Grace,Michael,Grace,New York Atlas,ATL,NY,Eastern,LSM,Long Stick Midfield,20,L,6'5,25,Syracuse,Canada,michael-grace,https://img.premierlacrosseleague.com/Players/2025/michael-grace.png?v=2,https://premierlacrosseleague.com/teams/new-york-atlas/roster,Atlas Roster | Premier Lacrosse League,2026-06-05T13:52:07.518Z
Jon Robbins,Jon,Robbins,New York Atlas,ATL,NY,Eastern,LSM,Long Stick Midfield,41,L,5'9,27,Bellarmine,USA,jon-robbins,https://img.premierlacrosseleague.com/Players/2026/jon-robbins.webp,https://premierlacrosseleague.com/teams/new-york-atlas/roster,Atlas Roster | Premier Lacrosse League,2026-06-05T13:52:07.518Z
Nikko DiPonio,Nikko,DiPonio,New York Atlas,ATL,NY,Eastern,D,Defense,46,L,5'11,22,Utah,USA,nikko-diponio,https://img.premierlacrosseleague.com/Players/2026/nikko-diponio.webp?v=2,https://premierlacrosseleague.com/teams/new-york-atlas/roster,Atlas Roster | Premier Lacrosse League,2026-06-05T13:52:07.518Z
Brett Makar,Brett,Makar,New York Atlas,ATL,NY,Eastern,D,Defense,43,R,6'1,25,Maryland,USA,brett-makar,https://img.premierlacrosseleague.com/Players/2026/brett-makar.webp,https://premierlacrosseleague.com/teams/new-york-atlas/roster,Atlas Roster | Premier Lacrosse League,2026-06-05T13:52:07.518Z
Michael Rexrode,Michael,Rexrode,New York Atlas,ATL,NY,Eastern,D,Defense,22,R,6'0,30,Rutgers,USA,michael-rexrode,https://img.premierlacrosseleague.com/Players/2026/michael-rexrode.webp,https://premierlacrosseleague.com/teams/new-york-atlas/roster,Atlas Roster | Premier Lacrosse League,2026-06-05T13:52:07.518Z
Alex Ross,Alex,Ross,New York Atlas,ATL,NY,Eastern,D,Defense,6,L,6'1,22,Penn State,USA,alex-ross,https://img.premierlacrosseleague.com/Players/2026/alex-ross.webp?v=1,https://premierlacrosseleague.com/teams/new-york-atlas/roster,Atlas Roster | Premier Lacrosse League,2026-06-05T13:52:07.518Z
Trevor Baptiste,Trevor,Baptiste,New York Atlas,ATL,NY,Eastern,FO,Faceoff,9,R,5'10,29,Denver,USA,trevor-baptiste,https://img.premierlacrosseleague.com/Players/2026/trevor-baptiste.webp?v=4,https://premierlacrosseleague.com/teams/new-york-atlas/roster,Atlas Roster | Premier Lacrosse League,2026-06-05T13:52:07.517Z
Nathan Laliberte,Nathan,Laliberte,New York Atlas,ATL,NY,Eastern,FO,Faceoff,81,R,5'10,24,Bryant,USA,nathan-laliberte,https://img.premierlacrosseleague.com/Players/2026/nathan-laliberte.webp?v=3,https://premierlacrosseleague.com/teams/new-york-atlas/roster,Atlas Roster | Premier Lacrosse League,2026-06-05T13:52:07.519Z
Liam Entenmann,Liam,Entenmann,New York Atlas,ATL,NY,Eastern,G,Goalie,44,R,6'3,25,Notre Dame,USA,liam-entenmann,https://img.premierlacrosseleague.com/Players/2026/liam-entenmann.webp?v=5,https://premierlacrosseleague.com/teams/new-york-atlas/roster,Atlas Roster | Premier Lacrosse League,2026-06-05T13:52:07.519Z
Will Mark,Will,Mark,New York Atlas,ATL,NY,Eastern,G,Goalie,88,R,6'4,26,Syracuse,USA,will-mark,https://img.premierlacrosseleague.com/Players/2026/will-mark.webp,https://premierlacrosseleague.com/teams/new-york-atlas/roster,Atlas Roster | Premier Lacrosse League,2026-06-05T13:52:07.519Z
Matt Collison,Matt,Collison,Philadelphia Waterdogs,WAT,PHI,Eastern,A,Attack,16,L,6'4,22,Johns Hopkins,Canada,matt-collison,https://img.premierlacrosseleague.com/Players/2023/generic_headshot.jpeg,https://premierlacrosseleague.com/teams/philadelphia-waterdogs/roster,Waterdogs Roster | Premier Lacrosse League,2026-06-05T13:52:15.989Z
CJ Kirst,CJ,Kirst,Philadelphia Waterdogs,WAT,PHI,Eastern,A,Attack,15,L,6'2,23,Cornell,USA,cj-kirst,https://img.premierlacrosseleague.com/Players/2026/cj-kirst.webp?v=5,https://premierlacrosseleague.com/teams/philadelphia-waterdogs/roster,Waterdogs Roster | Premier Lacrosse League,2026-06-05T13:52:15.989Z
Kieran McArdle,Kieran,McArdle,Philadelphia Waterdogs,WAT,PHI,Eastern,A,Attack,6,L/R,6'2,34,St. John's,USA,kieran-mcardle,https://img.premierlacrosseleague.com/Players/2026/kieran-mcardle.webp,https://premierlacrosseleague.com/teams/philadelphia-waterdogs/roster,Waterdogs Roster | Premier Lacrosse League,2026-06-05T13:52:15.989Z
Silas Richmond,Silas,Richmond,Philadelphia Waterdogs,WAT,PHI,Eastern,A,Attack,18,R,6'4,22,UAlbany,Canada,silas-richmond,https://img.premierlacrosseleague.com/Players/2023/generic_headshot.jpeg,https://premierlacrosseleague.com/teams/philadelphia-waterdogs/roster,Waterdogs Roster | Premier Lacrosse League,2026-06-05T13:52:15.990Z
Michael Sowers,Michael,Sowers,Philadelphia Waterdogs,WAT,PHI,Eastern,A,Attack,22,R/L,5'9,28,Duke,USA,michael-sowers,https://img.premierlacrosseleague.com/Players/2026/michael-sowers.webp,https://premierlacrosseleague.com/teams/philadelphia-waterdogs/roster,Waterdogs Roster | Premier Lacrosse League,2026-06-05T13:52:15.990Z
Jake Taylor,Jake,Taylor,Philadelphia Waterdogs,WAT,PHI,Eastern,A,Attack,13,R,6'0,25,Notre Dame,USA,jake-taylor,https://img.premierlacrosseleague.com/Players/2026/jake-taylor.webp,https://premierlacrosseleague.com/teams/philadelphia-waterdogs/roster,Waterdogs Roster | Premier Lacrosse League,2026-06-05T13:52:15.990Z
Zach Currier,Zach,Currier,Philadelphia Waterdogs,WAT,PHI,Eastern,M,Midfield,77,L,6'0,32,Princeton,Canada,zach-currier,https://img.premierlacrosseleague.com/Players/2026/zach-currier.webp?v=4,https://premierlacrosseleague.com/teams/philadelphia-waterdogs/roster,Waterdogs Roster | Premier Lacrosse League,2026-06-05T13:52:15.990Z
Jack Hannah,Jack,Hannah,Philadelphia Waterdogs,WAT,PHI,Eastern,M,Midfield,3,R,6'1,26,Denver,USA,jack-hannah,https://img.premierlacrosseleague.com/Players/2026/jack-hannah.webp?v=4,https://premierlacrosseleague.com/teams/philadelphia-waterdogs/roster,Waterdogs Roster | Premier Lacrosse League,2026-06-05T13:52:15.990Z
Connor Kelly,Connor,Kelly,Philadelphia Waterdogs,WAT,PHI,Eastern,M,Midfield,40,R/L,6'0,31,Maryland,USA,connor-kelly,https://img.premierlacrosseleague.com/Players/2026/connor-kelly.webp,https://premierlacrosseleague.com/teams/philadelphia-waterdogs/roster,Waterdogs Roster | Premier Lacrosse League,2026-06-05T13:52:15.990Z
Kyle Lewis,Kyle,Lewis,Philadelphia Waterdogs,WAT,PHI,Eastern,M,Midfield,7,R,5'11,21,Adelphi,USA,kyle-lewis,https://img.premierlacrosseleague.com/Players/2023/generic_headshot.jpeg,https://premierlacrosseleague.com/teams/philadelphia-waterdogs/roster,Waterdogs Roster | Premier Lacrosse League,2026-06-05T13:52:15.990Z
Thomas McConvey,Thomas,McConvey,Philadelphia Waterdogs,WAT,PHI,Eastern,M,Midfield,12,R,6'4,25,Virginia,Canada,thomas-mcconvey,https://img.premierlacrosseleague.com/Players/2026/thomas-mcconvey.webp,https://premierlacrosseleague.com/teams/philadelphia-waterdogs/roster,Waterdogs Roster | Premier Lacrosse League,2026-06-05T13:52:15.990Z
Zed Williams,Zed,Williams,Philadelphia Waterdogs,WAT,PHI,Eastern,M,Midfield,43,R,6'2,31,Virginia,Iroquois,zed-williams,https://img.premierlacrosseleague.com/Players/2026/zed-williams.webp,https://premierlacrosseleague.com/teams/philadelphia-waterdogs/roster,Waterdogs Roster | Premier Lacrosse League,2026-06-05T13:52:15.990Z
Casey Wilson,Casey,Wilson,Philadelphia Waterdogs,WAT,PHI,Eastern,M,Midfield,2,R,6�1,,Denver,Canada,casey-wilson,https://img.premierlacrosseleague.com/Players/2026/casey-wilson.webp?v=2,https://premierlacrosseleague.com/teams/philadelphia-waterdogs/roster,Waterdogs Roster | Premier Lacrosse League,2026-06-05T13:52:15.990Z
Josh Yago,Josh,Yago,Philadelphia Waterdogs,WAT,PHI,Eastern,M,Midfield,10,R,6'3,24,Notre Dame,USA,josh-yago,https://img.premierlacrosseleague.com/Players/2026/josh-yago.webp?v=1,https://premierlacrosseleague.com/teams/philadelphia-waterdogs/roster,Waterdogs Roster | Premier Lacrosse League,2026-06-05T13:52:15.991Z
Patty Eldredge,Patty,Eldredge,Philadelphia Waterdogs,WAT,PHI,Eastern,SSDM,Short Stick Defensive Midfield,48,L,6'0,,Colgate,USA,patty-eldredge,https://img.premierlacrosseleague.com/Players/2026/patty-eldredge.webp?v=1,https://premierlacrosseleague.com/teams/philadelphia-waterdogs/roster,Waterdogs Roster | Premier Lacrosse League,2026-06-05T13:52:15.991Z
Charlie Hayes,Charlie,Hayes,Philadelphia Waterdogs,WAT,PHI,Eastern,SSDM,Short Stick Defensive Midfield,23,R,5'11,29,Detroit Mercy,USA,charlie-hayes,https://img.premierlacrosseleague.com/Players/2026/charlie-hayes.webp?v=4,https://premierlacrosseleague.com/teams/philadelphia-waterdogs/roster,Waterdogs Roster | Premier Lacrosse League,2026-06-05T13:52:15.991Z
Dylan Hess,Dylan,Hess,Philadelphia Waterdogs,WAT,PHI,Eastern,SSDM,Short Stick Defensive Midfield,8,R,6'0,24,Florida,USA,dylan-hess,https://img.premierlacrosseleague.com/Players/2026/dylan-hess.webp?v=4,https://premierlacrosseleague.com/teams/philadelphia-waterdogs/roster,Waterdogs Roster | Premier Lacrosse League,2026-06-05T13:52:15.991Z
Nakeie Montgomery,Nakeie,Montgomery,Philadelphia Waterdogs,WAT,PHI,Eastern,SSDM,Short Stick Defensive Midfield,24,R,5'11,27,Duke,USA,nakeie-montgomery,https://img.premierlacrosseleague.com/Players/2026/nakeie-montgomery.webp,https://premierlacrosseleague.com/teams/philadelphia-waterdogs/roster,Waterdogs Roster | Premier Lacrosse League,2026-06-05T13:52:15.991Z
Matt Whitcher,Matt,Whitcher,Philadelphia Waterdogs,WAT,PHI,Eastern,SSDM,Short Stick Defensive Midfield,33,R,6'3,29,York,USA,matt-whitcher,https://img.premierlacrosseleague.com/Players/2026/matt-whitcher.webp?v=5,https://premierlacrosseleague.com/teams/philadelphia-waterdogs/roster,Waterdogs Roster | Premier Lacrosse League,2026-06-05T13:52:15.991Z
Brendan Staub,Brendan,Staub,Philadelphia Waterdogs,WAT,PHI,Eastern,LSM,Long Stick Midfield,32,R,6'1,22,Cornell,USA,brendan-staub,https://img.premierlacrosseleague.com/Players/2026/brendan-staub.webp?v=1,https://premierlacrosseleague.com/teams/philadelphia-waterdogs/roster,Waterdogs Roster | Premier Lacrosse League,2026-06-05T13:52:15.991Z
Ben Wayer,Ben,Wayer,Philadelphia Waterdogs,WAT,PHI,Eastern,LSM,Long Stick Midfield,4,R,6'3,24,Virginia,USA,ben-wayer,https://img.premierlacrosseleague.com/Players/2026/ben-wayer.webp,https://premierlacrosseleague.com/teams/philadelphia-waterdogs/roster,Waterdogs Roster | Premier Lacrosse League,2026-06-05T13:52:15.991Z
Gavin Adler,Gavin,Adler,Philadelphia Waterdogs,WAT,PHI,Eastern,D,Defense,97,L,5'8,26,Cornell,USA,gavin-adler,https://img.premierlacrosseleague.com/Players/2026/gavin-adler.webp,https://premierlacrosseleague.com/teams/philadelphia-waterdogs/roster,Waterdogs Roster | Premier Lacrosse League,2026-06-05T13:52:15.991Z
Kenny Brower,Kenny,Brower,Philadelphia Waterdogs,WAT,PHI,Eastern,D,Defense,29,L,6'2,24,Duke,USA,kenny-brower,https://img.premierlacrosseleague.com/Players/2026/kenny-brower.webp,https://premierlacrosseleague.com/teams/philadelphia-waterdogs/roster,Waterdogs Roster | Premier Lacrosse League,2026-06-05T13:52:15.991Z
Jimmy Freehill,Jimmy,Freehill,Philadelphia Waterdogs,WAT,PHI,Eastern,D,Defense,5,R,6'0,24,Denver,USA,jimmy-freehill,https://img.premierlacrosseleague.com/Players/2026/jimmy-freehill.webp,https://premierlacrosseleague.com/teams/philadelphia-waterdogs/roster,Waterdogs Roster | Premier Lacrosse League,2026-06-05T13:52:15.991Z
Marcus Hudgins,Marcus,Hudgins,Philadelphia Waterdogs,WAT,PHI,Eastern,D,Defense,11,R,6'1,26,Ohio St.,USA,marcus-hudgins,https://img.premierlacrosseleague.com/Players/2026/marcus-hudgins.webp,https://premierlacrosseleague.com/teams/philadelphia-waterdogs/roster,Waterdogs Roster | Premier Lacrosse League,2026-06-05T13:52:15.991Z
Connor Farrell,Connor,Farrell,Philadelphia Waterdogs,WAT,PHI,Eastern,FO,Faceoff,41,R,6'2,29,LIU Post,USA,connor-farrell,https://img.premierlacrosseleague.com/Players/2026/connor-farrell.webp?v=3,https://premierlacrosseleague.com/teams/philadelphia-waterdogs/roster,Waterdogs Roster | Premier Lacrosse League,2026-06-05T13:52:15.991Z
Alec Stathakis,Alec,Stathakis,Philadelphia Waterdogs,WAT,PHI,Eastern,FO,Faceoff,73,R,5'11,25,Denver,USA,alec-stathakis,https://img.premierlacrosseleague.com/Players/2025/alec-stathakis.png?v=3,https://premierlacrosseleague.com/teams/philadelphia-waterdogs/roster,Waterdogs Roster | Premier Lacrosse League,2026-06-05T13:52:15.992Z
Sean Byrne,Sean,Byrne,Philadelphia Waterdogs,WAT,PHI,Eastern,G,Goalie,99,R,6'3,23,Army,USA,sean-byrne,https://img.premierlacrosseleague.com/Players/2026/sean-byrne.webp?v=1,https://premierlacrosseleague.com/teams/philadelphia-waterdogs/roster,Waterdogs Roster | Premier Lacrosse League,2026-06-05T13:52:15.992Z
Matt DeLuca,Matt,DeLuca,Philadelphia Waterdogs,WAT,PHI,Eastern,G,Goalie,1,R,6'6,28,Delaware,USA,matt-deluca,https://img.premierlacrosseleague.com/Players/2026/matt-deluca.webp,https://premierlacrosseleague.com/teams/philadelphia-waterdogs/roster,Waterdogs Roster | Premier Lacrosse League,2026-06-05T13:52:15.992Z
Connor Fields,Connor,Fields,Utah Archers,ARC,UTA,Western,A,Attack,5,L,5'11,30,Albany,USA,connor-fields,https://img.premierlacrosseleague.com/Players/2026/connor-fields.webp?v=4,https://premierlacrosseleague.com/teams/utah-archers/roster,Archers Roster | Premier Lacrosse League,2026-06-05T13:52:24.347Z
Gannon Matthews,Gannon,Matthews,Utah Archers,ARC,UTA,Western,A,Attack,24,R/L,6'0,24,Ohio St.,USA,gannon-matthews,https://img.premierlacrosseleague.com/Players/2026/gannon-matthews.webp,https://premierlacrosseleague.com/teams/utah-archers/roster,Archers Roster | Premier Lacrosse League,2026-06-05T13:52:24.347Z
Matt Moore,Matt,Moore,Utah Archers,ARC,UTA,Western,A,Attack,11,R,6'2,27,Virginia,USA,matt-moore,https://img.premierlacrosseleague.com/Players/2025/matt-moore.png?v=4,https://premierlacrosseleague.com/teams/utah-archers/roster,Archers Roster | Premier Lacrosse League,2026-06-05T13:52:24.347Z
Mac O'Keefe,Mac,O'Keefe,Utah Archers,ARC,UTA,Western,A,Attack,7,L,6'0,28,Penn State,USA,mac-o-keefe,https://img.premierlacrosseleague.com/Players/2026/mac-okeefe.webp?v=11,https://premierlacrosseleague.com/teams/utah-archers/roster,Archers Roster | Premier Lacrosse League,2026-06-05T13:52:24.347Z
Aidan O'Neil,Aidan,O'Neil,Utah Archers,ARC,UTA,Western,A,Attack,,L,6'0,,Richmond,USA,aidan-o-neil,https://img.premierlacrosseleague.com/Players/2023/generic_headshot.jpeg,https://premierlacrosseleague.com/teams/utah-archers/roster,Archers Roster | Premier Lacrosse League,2026-06-05T13:52:24.348Z
Ryan Ambler,Ryan,Ambler,Utah Archers,ARC,UTA,Western,M,Midfield,13,L,6'2,32,Princeton,USA,ryan-ambler,https://img.premierlacrosseleague.com/Players/2026/ryan-ambler.webp,https://premierlacrosseleague.com/teams/utah-archers/roster,Archers Roster | Premier Lacrosse League,2026-06-05T13:52:24.348Z
Grant Ament,Grant,Ament,Utah Archers,ARC,UTA,Western,M,Midfield,16,R/L,5'9,29,Penn State,USA,grant-ament,https://img.premierlacrosseleague.com/Players/2026/grant-ament.webp,https://premierlacrosseleague.com/teams/utah-archers/roster,Archers Roster | Premier Lacrosse League,2026-06-05T13:52:24.348Z
Bryce Ford,Bryce,Ford,Utah Archers,ARC,UTA,Western,M,Midfield,22,R/L,5'8,24,Maryland,USA,bryce-ford,https://img.premierlacrosseleague.com/Players/2026/bryce-ford.webp,https://premierlacrosseleague.com/teams/utah-archers/roster,Archers Roster | Premier Lacrosse League,2026-06-05T13:52:24.348Z
CK Giancola,CK,Giancola,Utah Archers,ARC,UTA,Western,M,Midfield,2,R,6'1,24,Wesleyan,USA,ck-giancola,https://img.premierlacrosseleague.com/Players/2026/ck-giancola.webp,https://premierlacrosseleague.com/teams/utah-archers/roster,Archers Roster | Premier Lacrosse League,2026-06-05T13:52:24.348Z
Leo Johnson,Leo,Johnson,Utah Archers,ARC,UTA,Western,M,Midfield,4,R/L,5'9,23,Maryland,USA,leo-johnson,https://img.premierlacrosseleague.com/Players/2026/leo-johnson.webp?v=2,https://premierlacrosseleague.com/teams/utah-archers/roster,Archers Roster | Premier Lacrosse League,2026-06-05T13:52:24.348Z
Sam King,Sam,King,Utah Archers,ARC,UTA,Western,M,Midfield,9,R/L,5'9,24,Harvard,USA,sam-king,https://img.premierlacrosseleague.com/Players/2026/sam-king.webp,https://premierlacrosseleague.com/teams/utah-archers/roster,Archers Roster | Premier Lacrosse League,2026-06-05T13:52:24.348Z
Tre Leclaire,Tre,Leclaire,Utah Archers,ARC,UTA,Western,M,Midfield,44,R,6'2,28,Ohio State,Canada,tre-leclaire,https://img.premierlacrosseleague.com/Players/2026/tre-leclaire.webp?v=3,https://premierlacrosseleague.com/teams/utah-archers/roster,Archers Roster | Premier Lacrosse League,2026-06-05T13:52:24.348Z
Tom Schreiber,Tom,Schreiber,Utah Archers,ARC,UTA,Western,M,Midfield,26,R/L,5'11,34,Princeton,USA,tom-schreiber,https://img.premierlacrosseleague.com/Players/2025/tom-schreiber.png?v=3,https://premierlacrosseleague.com/teams/utah-archers/roster,Archers Roster | Premier Lacrosse League,2026-06-05T13:52:24.347Z
Ryan Stines,Ryan,Stines,Utah Archers,ARC,UTA,Western,M,Midfield,6,R,5'11,22,Utah,USA,ryan-stines,https://img.premierlacrosseleague.com/Players/2026/ryan-stines.webp?v=2,https://premierlacrosseleague.com/teams/utah-archers/roster,Archers Roster | Premier Lacrosse League,2026-06-05T13:52:24.348Z
Dyson Williams,Dyson,Williams,Utah Archers,ARC,UTA,Western,M,Midfield,51,L,6'2,26,Duke,Canada,dyson-williams,https://img.premierlacrosseleague.com/Players/2026/dyson-williams.webp?v=6,https://premierlacrosseleague.com/teams/utah-archers/roster,Archers Roster | Premier Lacrosse League,2026-06-05T13:52:24.348Z
Piper Bond,Piper,Bond,Utah Archers,ARC,UTA,Western,SSDM,Short Stick Defensive Midfield,54,R,6'2,26,Penn,USA,piper-bond,https://img.premierlacrosseleague.com/Players/2026/piper-bond.webp,https://premierlacrosseleague.com/teams/utah-archers/roster,Archers Roster | Premier Lacrosse League,2026-06-05T13:52:24.348Z
Aidan Maguire,Aidan,Maguire,Utah Archers,ARC,UTA,Western,SSDM,Short Stick Defensive Midfield,23,L,6'2,22,Duke,USA,aidan-maguire,https://img.premierlacrosseleague.com/Players/2026/aidan-maguire.webp?v=1,https://premierlacrosseleague.com/teams/utah-archers/roster,Archers Roster | Premier Lacrosse League,2026-06-05T13:52:24.348Z
Connor Maher,Connor,Maher,Utah Archers,ARC,UTA,Western,SSDM,Short Stick Defensive Midfield,31,L,6'1,26,North Carolina,USA,connor-maher,https://img.premierlacrosseleague.com/Players/2026/connor-maher.webp,https://premierlacrosseleague.com/teams/utah-archers/roster,Archers Roster | Premier Lacrosse League,2026-06-05T13:52:24.348Z
Beau Pederson,Beau,Pederson,Utah Archers,ARC,UTA,Western,SSDM,Short Stick Defensive Midfield,89,R,6'4,26,Michigan,USA,beau-pederson,https://img.premierlacrosseleague.com/Players/2026/beau-pederson.webp,https://premierlacrosseleague.com/teams/utah-archers/roster,Archers Roster | Premier Lacrosse League,2026-06-05T13:52:24.349Z
Colin Sharkey,Colin,Sharkey,Utah Archers,ARC,UTA,Western,SSDM,Short Stick Defensive Midfield,21,R,6'1,24,Maryland,USA,colin-sharkey,https://img.premierlacrosseleague.com/Players/2026/colin-sharkey.webp,https://premierlacrosseleague.com/teams/utah-archers/roster,Archers Roster | Premier Lacrosse League,2026-06-05T13:52:24.349Z
Tommy Stull,Tommy,Stull,Utah Archers,ARC,UTA,Western,LSM,Long Stick Midfield,40,R,5'9,24,Richmond,USA,tommy-stull,https://img.premierlacrosseleague.com/Players/2026/tommy-stull.webp,https://premierlacrosseleague.com/teams/utah-archers/roster,Archers Roster | Premier Lacrosse League,2026-06-05T13:52:24.349Z
Mitchell Dunham,Mitchell,Dunham,Utah Archers,ARC,UTA,Western,D,Defense,17,L,6'2,24,Richmond,Canada,mitchell-dunham,https://img.premierlacrosseleague.com/Players/2026/mitchell-dunham.webp,https://premierlacrosseleague.com/teams/utah-archers/roster,Archers Roster | Premier Lacrosse League,2026-06-05T13:52:24.349Z
Warren Jeffrey,Warren,Jeffrey,Utah Archers,ARC,UTA,Western,D,Defense,27,L,6'3,29,Vermont,Canada,warren-jeffrey,https://img.premierlacrosseleague.com/Players/2026/warren-jeffrey.webp?v=4,https://premierlacrosseleague.com/teams/utah-archers/roster,Archers Roster | Premier Lacrosse League,2026-06-05T13:52:24.349Z
Brendan Lavelle,Brendan,Lavelle,Utah Archers,ARC,UTA,Western,D,Defense,46,R,6'0,24,Penn,USA,brendan-lavelle,https://img.premierlacrosseleague.com/Players/2026/brendan-lavelle.webp,https://premierlacrosseleague.com/teams/utah-archers/roster,Archers Roster | Premier Lacrosse League,2026-06-05T13:52:24.349Z
Will Schaller,Will,Schaller,Utah Archers,ARC,UTA,Western,D,Defense,,L,5'11,22,Maryland,USA,will-schaller,https://img.premierlacrosseleague.com/Players/2023/generic_headshot.jpeg,https://premierlacrosseleague.com/teams/utah-archers/roster,Archers Roster | Premier Lacrosse League,2026-06-05T13:52:24.349Z
Mason Woodward,Mason,Woodward,Utah Archers,ARC,UTA,Western,D,Defense,77,L,6'2,25,Marquette,USA,mason-woodward,https://img.premierlacrosseleague.com/Players/2026/mason-woodward.webp?v=5,https://premierlacrosseleague.com/teams/utah-archers/roster,Archers Roster | Premier Lacrosse League,2026-06-05T13:52:24.349Z
Cam Wyers,Cam,Wyers,Utah Archers,ARC,UTA,Western,D,Defense,20,L,6'5,26,Loyola,Canada,cam-wyers,https://img.premierlacrosseleague.com/Players/2026/cam-wyers.webp?v=4,https://premierlacrosseleague.com/teams/utah-archers/roster,Archers Roster | Premier Lacrosse League,2026-06-05T13:52:24.349Z
Mike Sisselberger,Mike,Sisselberger,Utah Archers,ARC,UTA,Western,FO,Faceoff,99,R,5'9,25,Lehigh,USA,mike-sisselberger,https://img.premierlacrosseleague.com/Players/2026/mike-sisselberger.webp,https://premierlacrosseleague.com/teams/utah-archers/roster,Archers Roster | Premier Lacrosse League,2026-06-05T13:52:24.349Z
Brett Dobson,Brett,Dobson,Utah Archers,ARC,UTA,Western,G,Goalie,45,R,6'2,26,St. Bonaventure,Canada,brett-dobson,https://img.premierlacrosseleague.com/Players/2026/brett-dobson.webp?v=4,https://premierlacrosseleague.com/teams/utah-archers/roster,Archers Roster | Premier Lacrosse League,2026-06-05T13:52:24.349Z
Nick Washuta,Nick,Washuta,Utah Archers,ARC,UTA,Western,G,Goalie,18,L,6'3,28,Vermont,USA,nick-washuta,https://img.premierlacrosseleague.com/Players/2026/nick-washuta.webp,https://premierlacrosseleague.com/teams/utah-archers/roster,Archers Roster | Premier Lacrosse League,2026-06-05T13:52:24.349Z
